Database Ref #,Structure ID,Feature Intersected,Support Type,No. of Columns/Piles per Bent,B_long (in.),B_trans (in.),Clear Height (ft),"Long Reinf Ratio, %",Spacing/Pitch (in),Transverse Reinforcement Ratio
1,0019133A,Overpass,RectCol-Spiral,4,54,54,19.2,0.015500,6,0.007700
2,0019133D,Overpass,RectCol-Spiral,2,48,48,24.6,0.014000,4,0.009600
3,0005943A,Overpass,Wall,1,21,816,17.3,0.008480,24,Wall
4,0005943B,Overpass,Single Span,Single Span,Single Span,Single Span,Single Span,Single Span,Single Span,Single Span
5,0005523A,Overpass,Wall,1,21,408,19.1,0.003320,24,Wall
6,0005523B,Water,PC Piles,11,13,13,Extended Pile/Column,PC Piles,PC Piles,PC Piles
7,0005582A,Overpass,CircCol,4,36,36,34.4,0.012300,12,0.002000
8,0005523C,Overpass,CircCol,1,60,60,18,0.009900,12,0.001100
9,0005651A,Overpass,CircCol,1,72,72,25.2,0.009200,12,0.001000
10,0009574A,Ramp,Single Span,Single Span,Single Span,Single Span,Single Span,Single Span,Single Span,Single Span
11,0005667A,Underpass,Single Span,Single Span,Single Span,Single Span,Single Span,Single Span,Single Span,Single Span
12,0005667B,Underpass,Single Span,Single Span,Single Span,Single Span,Single Span,Single Span,Single Span,Single Span
13,0005667C,Overpass,Wall,1,21,774,19,0.008460,24,Wall
14,0005723A,Overpass,Wall,1,21,916,21.7,0.002650,20,Wall
15,0013207A,Ramp,Single Span,Single Span,Single Span,Single Span,Single Span,Single Span,Single Span,Single Span
16,0005831A,Overpass,CircCol,6,32,32,25.7,0.028150,12,0.001200
17,0015935A,Overpass,RectCol-Spiral,6,63,39,29.8,0.015000,3,0.007900
18,Not in BEISt,Not in BEISt,CircCol,Not in BEISt,36,36,24.9,0.010800,Not in BEISt,Not in BEISt
19,0017594A,Ramp,RectCol-Spiral,1,96,96,47.5,0.019000,3,0.011200
20,0018818A,Underpass,Single Span,Single Span,Single Span,Single Span,Single Span,Single Span,Single Span,Single Span
21,Not in BEISt,Not in BEISt,CircCol,Not in BEISt,36,36,21,0.012500,12,0.002000
22,0018189B,Overpass,RectCol-Spiral,1,72,72,20.3,0.012600,5,0.005000
23,0017594C,Ramp,RectCol-Spiral,1,72,72,30.3,0.016100,3,0.008400
24,0017594B,Ramp,RectCol-Spiral,2,60,60,26.6,0.010800,3,0.010100
25,0006088B,Underpass,RectCol,10,30,41,12.7,0.014500,12,0.001100
26,0016958A,Underpass,CircCol,4,42,42,16.9,0.011500,4,0.007800
27,0016958B,Overpass,RectCol-Spiral,4,54.7,60.2,21.8,0.051700,3,0.011100
28,0016958C,Overpass,RectCol,4,55,60,23.7,0.036800,4,0.007900
29,0007505E,Ramp,CircCol,1,60,60,18.6,0.025500,12,0.001100
30,0007326C,Ramp,CircCol,1,60,60,22.1,0.031100,12,0.001100
31,0007326D,Ramp,CircCol,1,60,60,20.7,0.010500,12,0.001100
32,0007326B,Underpass,OblongCol,1,36,180,46.4,0.010240,12,OblongCol
33,0018607C,Underpass,OblongCol,1,36,180,45.4,0.010240,12,OblongCol
34,0007505C,Ramp,CircCol,1,60,60,27.9,0.012100,12,0.001100
35,0019157B,Overpass,RectCol-Spiral,2,48,48,38.6,0.015400,6,0.006400
36,0006792A,Underpass,CircCol,9,36,36,16.4,Missing,Missing,Missing
37,0006792B,Underpass,CircCol,10,36,36,23,Missing,Missing,Missing
38,0006821A,Underpass,CircCol,12,36,36,18,0.010800,12,0.002000
39,Not in BEISt,Not in BEISt,CircCol,Not in BEISt,36,36,Not in BEISt,0.010800,12,0.002000
40,0006979E,Ramp,CircCol,1,48,48,25.4,0.010350,12,0.001400
41,0019157A,Overpass,CircCol,4,66,66,27.3,0.010900,6,0.006300
42,0006480A,Overpass,CircCol,4,Missing,Missing,Missing,Missing,Missing,Missing
43,0006379A,Water,PC Piles,13,13,13,Extended Pile/Column,PC Piles,PC Piles,PC Piles
44,0006379B,Water,PC Piles,13,13,13,Extended Pile/Column,PC Piles,PC Piles,PC Piles
45,0006361A,Overpass,CircCol,1,60,60,22.3,0.004970,12,0.001100
46,0006480C,Water,PC Piles,8,13,13,Extended Pile/Column,PC Piles,PC Piles,PC Piles
47,0006361B,Water,PC Piles,14,13,13,Extended Pile/Column,PC Piles,PC Piles,PC Piles
48,0006361C,Water,PC Piles,14,13,13,Extended Pile/Column,PC Piles,PC Piles,PC Piles
49,0006443A,Overpass,CircCol,3,Missing,Missing,Missing,Missing,Missing,Missing
50,0006379C,Water,PC Piles,17,14,14,Extended Pile/Column,PC Piles,PC Piles,PC Piles
51,0006379D,Water,PC Piles,10,13,13,Extended Pile/Column,PC Piles,PC Piles,PC Piles
52,0006094A,Overpass,CircCol,3,Missing,Missing,19.7,Missing,missing,Missing
53,0006078A,Underpass,CircCol,7,36,36,16.4,Missing,Missing,Missing
54,0006078B,Underpass,CircCol,7,36,36,23,Missing,Missing,Missing
55,0006094B,Underpass,CircCol,5,36,36,29.3,0.010100,12,0.002000
56,0006094C,Underpass,CircCol,3,36,36,20,0.032200,12,0.002000
57,0006262A,Overpass,CircCol,6,Missing,Missing,Missing,Missing,Missing,Missing
58,0016757A,Overpass,Single Span,Single Span,Single Span,Single Span,Single Span,Single Span,Single Span,Single Span
59,0006124A,Underpass,CircCol,4,36,36,20.8,0.013800,12,0.001100
60,0006124B,Underpass,CircCol,4,36,36,23.9,0.010700,12,0.001100
61,0006313A,Underpass,CircCol,6,36,36,22.1,Missing,Missing,Missing
62,0006313B,Underpass,CircCol,6,36,36,19.2,Missing,Missing,Missing
63,0006207B,Underpass,CircCol,6,36,36,25.3,Missing,Missing,Missing
64,0006207A,Underpass,CircCol,7,36,36,21.5,Missing,Missing,Missing
65,0006313C,Underpass,CircCol,6,36,36,19.3,Missing,Missing,Missing
66,0006313D,Underpass,CircCol,7,36,36,19.2,Missing,Missing,Missing
67,0006186A,Underpass,CircCol,3,33,33,27.7,0.011700,12,0.002200
68,0006186B,Underpass,CircCol,5,33,33,16.2,0.011700,12,0.002200
69,0006820A,Underpass,CircCol,6,36,36,18.7,0.010000,Missing,Missing
70,0006820B,Underpass,CircCol,5,42,42,18.7,0.007300,Missing,Missing
71,0007090A,Overpass,CircCol,3,Missing,Missing,Missing,Missing,Missing,Missing
72,0007075A,Overpass,CircCol,1,72,72,26.1,0.010300,12,0.001000
73,0007090B,Underpass,CircCol,7,36,36,21.9,0.010800,12,0.001100
74,0007090C,Underpass,CircCol,9,36,36,28.3,Missing,Missing,Missing
75,0007459A,Ramp,CircCol,3,Missing,Missing,Missing,Missing,Missing,Missing
76,0007401A,Overpass,CircCol,3,Missing,Missing,Missing,Missing,Missing,Missing
77,0007401B,Terrain,PC Piles,4,54,54,Extended Pile/Column,0.012260,PC Piles,PC Piles
78,0007401C,Overpass,Tapered Col,2,Tapered Col,Tapered Col,17.1,Tapered Col,12,Tapered Col
79,0014812A,Ramp,Single Span,Single Span,Single Span,Single Span,Single Span,Single Span,Single Span,Single Span
80,0014621A,Underpass,CircCol,2,36,36,33,0.019600,3,0.012200
81,0007401D,Underpass,CircCol,5,36,36,20.3,0.010800,12,0.001100
82,0007401E,Ramp,CircCol,4,36,36,18.4,0.010800,12,0.001100
83,0007401H,Ramp,CircCol,2,36,36,17.7,0.010800,12,0.001100
84,0007401F,Ramp,CircCol,4,36,36,17,0.010800,12,0.001100
85,0014621B,Ramp,CircCol,3,48,48,13.3,0.015520,3,0.012800
86,0007401I,Ramp,CircCol,2,36,36,16.8,0.010800,12,0.001100
87,0007401G,Ramp,CircCol,4,36,36,19.1,0.010800,12,0.001100
88,0007442A,Underpass,Single Span,Single Span,Single Span,Single Span,Single Span,Single Span,Single Span,Single Span
89,0014621C,Underpass,Single Span,Single Span,Single Span,Single Span,Single Span,Single Span,Single Span,Single Span
90,0007442C,Ramp,Single Span,Single Span,Single Span,Single Span,Single Span,Single Span,Single Span,Single Span
91,0007442B,Underpass,Single Span,Single Span,Single Span,Single Span,Single Span,Single Span,Single Span,Single Span
92,0007618A,Overpass,CircCol,2,36,36,20.5,0.010800,12,0.001100
93,0007618B,Ramp,CircCol,1,60,60,21,0.022600,12,0.001100
94,0007618C,Underpass,CircCol,5,36,36,17.3,0.010810,12,0.001100
95,0014543A,Underpass,CircCol,2,36,36,15.7,0.009800,3,0.012200
96,0007618D,Underpass,CircCol,4,36,36,26.8,0.010810,12,0.001100
97,Not in BEISt,Not in BEISt,Wall,1,56,384,22.4,0.010390,19,Wall
98,Not in BEISt,Not in BEISt,Wall,1,56,384,23.2,0.010390,19,Wall
99,0007843A,Overpass,CircCol,1,72,72,22.7,0.008400,12,0.001500
100,0007618E,Overpass,CircCol,5,36,36,19.6,0.008540,12,0.001100
101,0007617A,Water,Single Span,Single Span,Single Span,Single Span,Single Span,Single Span,Single Span,Single Span
102,0007617B,Water,Single Span,Single Span,Single Span,Single Span,Single Span,Single Span,Single Span,Single Span
103,0007617C,Underpass,CircCol,4,36,36,22.1,0.014700,12,0.002000
104,0007617D,Underpass,CircCol,4,36,36,22.3,0.014700,12,0.002000
105,0007990A,Viaduct,CircCol,2,54,54,Extended Pile/Column,Missing,Missing,Missing
106,0008568A,Ramp,CircCol,2,36,36,9.7,0.010800,12,0.002000
107,0007675A,Overpass,Wall,1,24,624,Missing,Wall,Wall,Wall
108,0007882A,Ramp,CircCol,2,48,48,12.9,0.042000,12,0.001400
109,0007734D,Ramp,CircCol,1,60,60,20.5,0.031100,12,0.001100
110,0007734E,Ramp,CircCol,1,48,48,18.8,0.015440,12,0.001400
111,0007734A,Ramp,CircCol,3,60,60,24.3,0.015100,12,0.001100
112,0007930B,Ramp,CircCol,2,48,48,18.5,0.031100,12,0.001400
113,0007734B,Underpass,CircCol,5,36,36,30.5,0.014700,12,0.002000
114,0007930A,Ramp,OblongCol,1,48,72,44.3,0.019750,12,OblongCol
115,0007930C,Ramp,OblongCol,1,48,72,34.6,0.024310,12,OblongCol
116,0007734C,Underpass,CircCol,4,36,36,28.6,0.014700,12,0.002000
117,0007816A,Viaduct,CircCol,4,54,54,40,0.012300,missing,missing
118,0007816B,Viaduct,CircCol,4,54,54,28.9,0.012300,12,0.001300
119,0007741A,Viaduct,CircCol,3,36,36,11.6,0.010000,12,0.002000
120,0007741O,Ramp,CircCol,1,48,48,12.8,0.022410,12,0.001400
121,0007741F,Ramp,CircCol,1,48,48,15.4,0.015500,12,0.001400
122,0007741G,Ramp,CircCol,1,48,48,22.1,0.035370,12,0.001400
123,0007741B,Viaduct,CircCol,4,36,36,14.9,0.010000,12,0.002000
124,0007741L,Ramp,PC Piles,7,13,13,Extended Pile/Column,PC Piles,PC Piles,PC Piles
125,0007741J,Ramp,CircCol,3,48,48,31.5,0.010300,12,0.001400
126,0007741N,Ramp,CircCol,1,48,48,18.5,0.012070,12,0.001400
127,0007741R,Ramp,CircCol,2,60,60,21.8,0.015920,12,0.001100
128,0007741H,Ramp,CircCol,1,48,48,28.5,0.027590,12,0.001400
129,0007741T,Underpass,CircCol,3,48,48,16.5,0.010350,12,0.001400
130,0007741M,Ramp,CircCol,1,48,48,22.2,0.010300,12,0.001400
131,0007741S,Ramp,PC Piles,6,13,13,Extended Pile/Column,PC Piles,Missing,Missing
132,0007741C,Viaduct,CircCol,3,36,36,10.1,0.010000,12,0.002000
133,0007741K,Ramp,CircCol,1,60,60,12.7,0.006600,12,0.001100
134,0007741P,Ramp,CircCol,2,36,36,12.9,0.010000,12,0.002000
135,0007741Q,Ramp,CircCol,1,60,60,8.9,0.019900,12,0.001100
136,0007741I,Ramp,CircCol,1,48,48,7.9,0.010300,12,0.001400
137,Not in BEISt,Not in BEISt,CircCol,Not in BEISt,36,36,Not in BEISt,Not in BEISt,Not in BEISt,Not in BEISt
138,0007686C,Ramp,CircCol,3,36,36,Extended Pile/Column,Missing,Missing,Missing
139,0007686D,Viaduct,CircCol,3,36,36,Extended Pile/Column,Missing,Missing,Missing
140,0007686A,Ramp,CircCol,1,48,48,17.5,0.012930,12,0.001400
141,Not in BEISt,Not in BEISt,CircCol,Not in BEISt,36,36,Not in BEISt,Not in BEISt,Not in BEISt,Not in BEISt
142,0007686B,Overpass,CircCol,1,48,48,12,0.037300,12,0.001400
143,0007565A,Ramp,CircCol,1,60,60,9.6,0.009900,12,0.001100
144,0007565K,Ramp,CircCol,1,66,66,22.7,0.010520,12,0.001000
145,0007565N,Ramp,CircCol,1,60,60,19.8,0.019900,12,0.001100
146,0007565F,Underpass,CircCol,2,48,48,23.2,0.010300,12,0.001400
147,0007565M,Ramp,CircCol,1,54,54,13.3,0.021800,12,0.001300
148,0007565I,Underpass,CircCol,2,48,48,28.5,0.010300,12,0.001400
149,0007565J,Underpass,CircCol,3,48,48,25.8,0.010300,12,0.001400
150,0007565E,Ramp,CircCol,1,66,66,23.7,0.028100,12,0.001000
151,0007565G,Underpass,CircCol,2,48,48,27.8,0.010300,12,0.001400
152,0007504A,Underpass,CircCol,2,48,48,4.4,0.010300,4,0.007700
153,0007504C,Underpass,CircCol,2,48,48,17.9,0.010300,12,0.001400
154,0007504D,Underpass,CircCol,3,48,48,17.6,0.010300,12,0.001400
155,0007504B,Underpass,CircCol,2,48,48,18.6,0.010300,12,0.001400
156,0007504E,Overpass,OblongCol,3,30,96,22,0.010450,12,OblongCol
157,Not in BEISt,Not in BEISt,CircCol,Not in BEISt,42,54,18.5,0.022500,12,0.001700
158,0007110F,Viaduct,CircCol,1,48,48,22.5,0.029840,12,0.001400
159,0007110I,Ramp,CircCol,1,48,48,14.3,0.010350,12,0.001400
160,0007110H,Ramp,CircCol,1,48,48,19.6,0.013800,12,0.002900
161,0007110K,Underpass,CircCol,1,48,48,21.8,0.010350,12,0.001400
162,0007110G,Viaduct,CircCol,1,48,48,16,0.017410,12,0.001400
163,Not in BEISt,Not in BEISt,CircCol,Not in BEISt,48,48,20.6,0.012100,12,0.001400
164,0007110C,Overpass,OblongCol,3,30,96,40.9,0.010450,12,OblongCol
165,0007110D,Overpass,OblongCol,3,30,96,33.9,0.012770,12,OblongCol
166,0007110J,Ramp,CircCol,1,48,48,23.7,0.034500,12,0.001400
167,0007110E,Overpass,OblongCol,3,30,96,33.2,0.012770,12,OblongCol
168,0007409A,Overpass,CircCol,2,36,36,16.5,0.017680,12,0.002000
169,0007409B,Ramp,PC Piles,1,48,48,26.8,0.013790,12,PC Piles
170,0007409C,Overpass,OblongCol,4,37,172,41.8,0.010280,12,OblongCol
171,0007409D,Overpass,OblongCol,3,36,96,8.5,0.016510,3,OblongCol
172,0006635A,Overpass,Wall,1,30,887,24.3,0.004550,12,Wall
173,0006635B,Overpass,Wall,1,30,584,46.2,Wall,Wall,Wall
174,0006635C,Ramp,Single Span,Single Span,Single Span,Single Span,Single Span,Single Span,Single Span,Single Span
175,0006635D,Not Bridge,Not Bridge,Not Bridge,Not Bridge,Not Bridge,Not Bridge,Not Bridge,Not Bridge,Not Bridge
176,0006800E,Not Bridge,Not Bridge,Not Bridge,Not Bridge,Not Bridge,Not Bridge,Not Bridge,Not Bridge,Not Bridge
177,0006800D,Not Bridge,Not Bridge,Not Bridge,Not Bridge,Not Bridge,Not Bridge,Not Bridge,Not Bridge,Not Bridge
178,0006653A,Ramp,CircCol,1,60,60,22.3,Missing,Missing,Missing
179,0008195A,Ramp,Single Span,Single Span,Single Span,Single Span,Single Span,Single Span,Single Span,Single Span
180,0006800B,Viaduct,CircCol,2,24,24,9.2,0.010480,12,0.003000
181,0006800C,Overpass,CircCol,1,60,60,26,0.034000,12,0.001100
182,0006800G,Ramp,Wall,1,24,1001,Wall,Wall,Wall,Wall
183,0006800H,Ramp,PC Piles,6,Missing,Missing,Extended Pile/Column,Missing,PC Piles,Missing
184,Not in BEISt,Not in BEISt,Not in BEISt,Not in BEISt,24,24,Not in BEISt,Not in BEISt,Not in BEISt,Not in BEISt
185,0006303C,Ramp,CircCol,2,48,48,Extended Pile/Column,0.011200,Missing,Missing
186,0006303B,Ramp,CircCol,2,Missing,Missing,Extended Pile/Column,Missing,Missing,Missing
187,Not in BEISt,Not in BEISt,Not in BEISt,Not in BEISt,24,24,Not in BEISt,Not in BEISt,Not in BEISt,Not in BEISt
188,0006800F,Ramp,RectCol,1,54,54,20.1,0.023100,12,0.001300
189,Not in BEISt,Not in BEISt,Not in BEISt,Not in BEISt,Not in BEISt,Not in BEISt,Not in BEISt,Not in BEISt,Not in BEISt,Not in BEISt
190,0006470B,Not Bridge,Not Bridge,Not Bridge,Not Bridge,Not Bridge,Not Bridge,Not Bridge,Not Bridge,Not Bridge
191,0006470A,Overpass,Wall,1,24,652,23.8,0.001270,19,Wall
192,Not in BEISt,Not in BEISt,Not in BEISt,Not in BEISt,Not in BEISt,Not in BEISt,Not in BEISt,Not in BEISt,Not in BEISt,Not in BEISt
193,0006085A,Ramp,CircCol,2,60,60,19.4,0.009900,12,0.001100
194,0006111A,Overpass,Wall,1,24,872,Wall,Wall,Wall,Wall
195,0006304A,Ramp,Single Span,Single Span,Single Span,Single Span,Single Span,Single Span,Single Span,Single Span
196,0006304B,Ramp,CircCol,1,60,60,23.1,0.009900,12,0.001100
197,0006111B,Overpass,Wall,1,24,872,19.8,0.001430,19,Wall
198,Not in BEISt,Not in BEISt,Not in BEISt,Not in BEISt,48,48,Not in BEISt,Not in BEISt,Not in BEISt,Not in BEISt
199,Not in BEISt,Not in BEISt,Not in BEISt,Not in BEISt,48,48,Not in BEISt,Not in BEISt,Not in BEISt,Not in BEISt
200,Not in BEISt,Not in BEISt,Not in BEISt,Not in BEISt,48,48,Not in BEISt,Not in BEISt,Not in BEISt,Not in BEISt
201,0006911A,Overpass,Wall,1,24,872,30.5,0.000590,19,Wall
202,0006911B,Ramp,OblongCol,1,60,62,20.6,0.027140,12,OblongCol
203,0006911C,Ramp,CircCol,1,60,60,25.4,0.022300,12,0.001100
204,0007156A,Overpass,Wall,1,39,1044,Wall,Wall,Wall,Wall
205,0007156B,Overpass,Wall,1,28,552,25.5,0.000910,18,Wall
206,0007156E,Ramp,Single Span,Single Span,Single Span,Single Span,Single Span,Single Span,Single Span,Single Span
207,0007156D,Ramp,CircCol,1,72,72,19.6,0.030460,12,0.001000
208,0007156C,Overpass,Wall,1,28,250,25.4,0.007980,12,Wall
209,0007156F,Ramp,Single Span,Single Span,Single Span,Single Span,Single Span,Single Span,Single Span,Single Span
210,0012197A,Underpass,CircCol,6,36,36,Missing,0.023600,Missing,Missing
211,0014539A,Ramp,CircCol,3,36,36,14.4,0.018700,3,0.012200
212,0007156I,Underpass,CircCol,3,36,36,24.3,0.023600,4,0.006700
213,0012197B,Underpass,CircCol,4,36,36,23,0.023600,4,0.006700
214,0007270A,Overpass,OblongCol,1,60,108,21.4,0.011350,6,OblongCol
215,0007270B,Overpass,RectCol,4,30,30,22.1,0.013900,12,0.001300
216,0007270C,Underpass,RectCol,5,30,30,30.8,0.013900,12,0.001300
217,0007270D,Underpass,RectCol,5,30,30,32.7,0.013900,12,0.001300
218,0013302A,Not Bridge,Not Bridge,Not Bridge,Not Bridge,Not Bridge,Not Bridge,Not Bridge,Not Bridge,Not Bridge
219,0007299A,Underpass,RectCol,4,30,30,21.3,0.013900,12,0.001300
220,0007299B,Underpass,RectCol,4,30,30,21.7,0.013900,12,0.001300
221,0007299C,Overpass,RectCol,4,24,30,29.8,0.017600,12,0.001500
222,0007071A,Underpass,CircCol,6,36,36,20.2,Missing,Missing,Missing
223,0007071C,Underpass,CircCol,4,36,36,Missing,Missing,Missing,Missing
224,0014326C,Underpass,CircCol,5,36,36,22.8,0.012400,4,0.010100
225,0007071B,Underpass,CircCol,4,36,36,Missing,Missing,Missing,Missing
226,0014326A,Ramp,CircCol,1,72,72,21,0.016900,3,0.010100
227,Not in BEISt,Not in BEISt,CircCol,Not in BEISt,60,60,23.4,0.010600,3.5,0.008700
228,0007227A,Overpass,CircCol,3,36,36,Missing,Missing,Missing,Missing
229,0007071D,Overpass,CircCol,3,Missing,Missing,Missing,Missing,Missing,Missing
230,0012790A,Overpass,CircCol,3,36,36,Missing,Missing,Missing,Missing
231,0007071G,Underpass,CircCol,5,36,36,32.4,Missing,Missing,Missing
232,0007071F,Underpass,CircCol,5,Missing,Missing,Missing,Missing,Missing,Missing
233,0007227B,Underpass,CircCol,5,36,36,26.4,Missing,Missing,Missing
234,0007227C,Underpass,CircCol,6,36,36,Missing,Missing,Missing,Missing
235,0007118A,Underpass,CircCol,7,36,36,Missing,Missing,Missing,Missing
236,0016469B,Underpass,CircCol,3,36,36,28.5,0.022500,4,0.009100
237,0007118B,Underpass,CircCol,7,36,36,Missing,Missing,Missing,Missing
238,0016469A,Ramp,CircCol,2,60,60,12.7,0.011300,3,0.007100
239,0017945B,Not Bridge,Not Bridge,Not Bridge,Not Bridge,Not Bridge,Not Bridge,Not Bridge,Not Bridge,Not Bridge
240,0017945C,Not Bridge,Not Bridge,Not Bridge,Not Bridge,Not Bridge,Not Bridge,Not Bridge,Not Bridge,Not Bridge
241,00000KMA,Overpass,RectCol-Spiral,4,48,96,20.1,0.041600,Missing,Missing
242,0007134A,Ramp,CircCol,4,36,36,22.1,Missing,Missing,Missing
243,0011598C,Ramp,CircCol,5,36,36,16.8,0.027600,2.5,0.014600
244,0011598D,Overpass,CircCol,3,Missing,Missing,Missing,Missing,Missing,Missing
245,0011561A,Overpass,CircCol,8,Missing,Missing,Missing,Missing,Missing,Missing
246,0016859A,Ramp,Single Span,Single Span,Single Span,Single Span,Single Span,Single Span,Single Span,Single Span
247,0017163B,Overpass,CircCol,5,36,36,23.2,0.024800,3,0.007800
248,0017163A,Overpass,CircCol,8,36,36,23.2,0.024800,3,0.007800
249,0008707A,Ramp,Tapered Col,1,Tapered Col,Tapered Col,28.5,Tapered Col,12,Tapered Col
250,0007116A,Ramp,CircCol,1,60,60,20.9,0.009900,12,0.001100
251,0008707B,Overpass,Single Span,Single Span,Single Span,Single Span,Single Span,Single Span,Single Span,Single Span
252,0007889A,Overpass,CircCol,1,60,60,18.8,0.010500,12,0.001100
253,0003842A,Underpass,RectCol,8,36,20,22.9,0.014100,12,0.001600
254,0008132A,Underpass,CircCol,4,36,36,18,0.010800,12,0.001100
255,0016991A,Ramp,CircCol,1,72,72,20.3,0.036500,4,0.006300
256,0016991C,Ramp,Single Span,Single Span,Single Span,Single Span,Single Span,Single Span,Single Span,Single Span
257,0003842B,Overpass,RectCol,3,30,20,24,0.025400,12,0.001700
258,0016991L,Overpass,Single Span,Single Span,Single Span,Single Span,Single Span,Single Span,Single Span,Single Span
259,0008132I,Overpass,CircCol,3,36,36,15.2,0.011800,12,0.001100
260,0008132E,Underpass,CircCol,5,36,36,15.1,Missing,Missing,Missing
261,0008132F,Underpass,CircCol,6,36,36,Missing,Missing,Missing,Missing
262,0008132G,Underpass,Single Span,Single Span,Single Span,Single Span,Single Span,Single Span,Single Span,Single Span
263,0008132H,Underpass,Single Span,Single Span,Single Span,Single Span,Single Span,Single Span,Single Span,Single Span
264,0008090A,Underpass,PC Piles,1,42,168,29.9,0.047290,12,PC Piles
265,0008090B,Underpass,PC Piles,1,42,168,32.2,0.047290,12,PC Piles
266,0007888C,Underpass,Single Span,Single Span,Single Span,Single Span,Single Span,Single Span,Single Span,Single Span
267,0007888D,Underpass,Single Span,Single Span,Single Span,Single Span,Single Span,Single Span,Single Span,Single Span
268,0007888E,Underpass,Single Span,Single Span,Single Span,Single Span,Single Span,Single Span,Single Span,Single Span
269,0007888I,Ramp,Single Span,Single Span,Single Span,Single Span,Single Span,Single Span,Single Span,Single Span
270,0007888F,Underpass,Single Span,Single Span,Single Span,Single Span,Single Span,Single Span,Single Span,Single Span
271,0008085C,Underpass,CircCol,2,48,48,29.8,0.046400,12,0.002200
272,0008085D,Underpass,CircCol,2,48,48,30.7,0.046400,12,0.002200
273,0007888G,Underpass,Single Span,Single Span,Single Span,Single Span,Single Span,Single Span,Single Span,Single Span
274,0007888H,Underpass,Single Span,Single Span,Single Span,Single Span,Single Span,Single Span,Single Span,Single Span
275,0008085F,Overpass,CircCol,3,36,36,17.6,0.010800,12,0.001100
276,Not in BEISt,Not in BEISt,CircCol,Not in BEISt,72,72,36.3,0.010300,12,0.001000
277,Not in BEISt,Not in BEISt,CircCol,Not in BEISt,72,72,35.2,0.010300,12,0.001000
278,0008226A,Overpass,CircCol,2,36,36,16.2,0.010800,12,0.001100
279,0008226B,Water,CircCol,3,36,36,13.1,0.010800,12,0.001100
280,0008226C,Water,CircCol,3,36,36,13.1,0.010800,12,0.001100
281,Not in BEISt,Not in BEISt,CircCol,Not in BEISt,48,48,42.2,0.029800,12,0.001400
282,Not in BEISt,Not in BEISt,CircCol,Not in BEISt,48,48,42.2,0.029800,12,0.001400
283,0008372A,Underpass,CircCol,3,36,36,16.4,0.010800,12,0.001100
284,0008372B,Underpass,CircCol,3,36,36,15.9,0.010800,12,0.001100
285,Not in BEISt,Not in BEISt,CircCol,Not in BEISt,48,48,26,0.010300,12,0.001400
286,Not in BEISt,Not in BEISt,Wall,1,6,672,35.8,0.011340,12,Wall
287,0008753A,Underpass,RectCol,7,30,22,17.4,0.009600,12,0.001600
288,0004178A,Underpass,RectCol,7,30,22,18.9,0.014200,12,0.001600
289,0004352A,Water,PC Piles,7,13,13,Extended Pile/Column,PC Piles,PC Piles,PC Piles
290,0008753B,Water,PC Piles,8,13,13,Extended Pile/Column,PC Piles,PC Piles,PC Piles
291,0014655A,Overpass,RectCol-Spiral,4,36,36,15.4,0.027600,3,0.015900
292,0014655B,Water,CircCol,4,42,42,24,0.027000,3,0.010300
293,0008941A,Overpass,Tapered Col,1,36,Tapered Col,17,Tapered Col,12,Tapered Col
294,0008632A,Overpass,CircCol,2,36,36,18.1,0.010800,12,0.001100
295,0008632B,Underpass,CircCol,5,36,36,23.8,0.010800,12,0.002000
296,0008632C,Underpass,CircCol,5,36,36,24.1,0.010800,12,0.002000
297,0007401J,Overpass,CircCol,2,60,60,Missing,0.010480,12,0.001100
298,0006968A,Overpass,CircCol,6,36,36,28.8,0.010800,12,0.002000
299,0013354A,Overpass,Tapered Col,4,Tapered Col,72,18.4,Tapered Col,6,Tapered Col
300,0007249B,Water,PC Piles,6,54,54,Extended Pile/Column,0.010900,PC Piles,PC Piles
301,0014269C,Water,CircCol,5,60,60,21.5,0.007700,4,0.006100
302,0007079A,Water,PC Piles,5,54,54,Extended Pile/Column,PC Piles,PC Piles,PC Piles
303,0014269B,Ramp,CircCol,1,48,48,23,0.024140,3,0.009800
304,0014269A,Ramp,CircCol,2,48,48,19.6,0.019000,3,0.009800
305,0007249D,Underpass,CircCol,Missing,Missing,Missing,18.6,MIssing,Missing,Missing
306,0007606A,Underpass,CircCol,2,36,36,29.2,0.013790,12,0.002000
307,0017295A,Underpass,RectCol-Spiral,5,60,60,14,0.014400,4,0.007600
308,0013354D,Overpass,Tapered Col,4,Tapered Col,72,Missing,Tapered Col,4,Tapered Col
309,0007376A,Underpass,CircCol,8,72,72,22.5,Missing,Missing,Missing
310,0016145A,Ramp,RectCol-Spiral,1,60,60,16.6,0.018000,3,0.006400
311,0007376C,Underpass,CircCol,9,36,36,Missing,0.016900,Missing,Missing
312,0018811A,Underpass,Single Span,Single Span,Single Span,Single Span,Single Span,Single Span,Single Span,Single Span
313,0018811B,Underpass,Single Span,Single Span,Single Span,Single Span,Single Span,Single Span,Single Span,Single Span
314,0017624A,Overpass,RectCol-Spiral,2,54,54,24.4,0.039300,4,0.011500
315,0014052E,Overpass,Wall,1,36,144,Wall,Wall,Wall,Wall
316,0017624B,Ramp,RectCol-Spiral,2,54,54,21.1,0.013600,6,0.005600
317,0014052D,Overpass,Wall,1,48,52,Missing,Wall,Wall,Wall
318,0014052A,Water,HexCol,2,48,120,17,0.015400,3,0.027000
319,0014052C,Water,CircCol,1,Missing,Missing,Missing,Missing,Missing,Missing
320,0014052B,Water,HexCol,2,48,120,16,0.008700,3,0.019600
321,0014052F,Underpass,Single Span,Single Span,Single Span,Single Span,Single Span,Single Span,Single Span,Single Span
322,0014052G,Underpass,Single Span,Single Span,Single Span,Single Span,Single Span,Single Span,Single Span,Single Span
323,0006912B,Underpass,CircCol,9,36,36,Missing,Missing,Missing,Missing
324,0095079A,Not Bridge,Not Bridge,Not Bridge,Not Bridge,Not Bridge,Not Bridge,Not Bridge,Not Bridge,Not Bridge
325,0007828A,Underpass,CircCol,3,36,36,17.5,0.010800,12,0.001100
326,0014756A,Ramp,CircCol,3,36,36,19.8,0.012800,4,0.006700
327,0007828B,Underpass,CircCol,2,36,36,22.8,0.010800,12,0.001100
328,0011976A,Overpass,RectCol,3,42,42,13.5,0.023600,6,0.007300
329,0005347B,Water,RectCol,2,39,39,29.9,0.013400,12,0.001000
330,0005347C,Water,RectCol,2,39,39,29.7,0.013400,12,0.001000
331,0007623A,Overpass,CircCol,3,36,36,19.5,0.010800,12,0.001100
332,0007623B,Overpass,Wall,1,18,428,Wall,Wall,Wall,Wall
333,0007623C,Underpass,CircCol,3,36,36,20,0.016200,12,0.001100
334,0007623D,Underpass,CircCol,3,36,36,17.1,0.016200,12,0.001100
335,Not in BEISt,Not in BEISt,CircCol,1,60,60,12.9,0.016980,12,0.001100
336,0008190G,Underpass,CircCol,1,60,60,33.5,0.014100,12,0.001100
337,0008190H,Ramp,Single Span,Single Span,Single Span,Single Span,Single Span,Single Span,Single Span,Single Span
338,0008190I,Not Bridge,Not Bridge,Not Bridge,Not Bridge,Not Bridge,Not Bridge,Not Bridge,Not Bridge,Not Bridge
339,0008190J,Not Bridge,Not Bridge,Not Bridge,Not Bridge,Not Bridge,Not Bridge,Not Bridge,Not Bridge,Not Bridge
340,Not in BEISt,Overpass,CircCol,Not in BEISt,72,72,24.8,0.013700,Not in BEISt,Not in BEISt
341,0008812A,Underpass,Wall,1,27,1356,Wall,Wall,Wall,Wall
342,0008812B,Underpass,CircCol,4,36,36,20.7,0.024500,12,0.002000
343,0016277A,Ramp,CircCol,1,60,60,16.1,0.021600,3,0.010100
344,0009267A,Underpass,CircCol,3,36,36,20.9,0.024500,12,0.002000
345,0007661A,Overpass,CircCol,Not in BEISt,Not in BEISt,Not in BEISt,Not in BEISt,Not in BEISt,Not in BEISt,Not in BEISt
346,0016549C,Ramp,RectCol,2,31.5,24,7.6,0.020900,4,0.012300
347,0016549A,Overpass,RectCol-Spiral,4,48,48,15.6,0.025000,3,0.013900
348,0013133B,Overpass,Single Span,Single Span,Single Span,Single Span,Single Span,Single Span,Single Span,Single Span
349,0013293A,Overpass,RectCol,5,30,30,10.7,0.013900,4,0.015700
350,0016549D,Ramp,RectCol,2,31.5,23.6,19.8,0.026900,4,0.012600
351,0016549E,Overpass,RectCol-Spiral,3,48,48,15.7,0.011200,3,0.012800
352,0016317A,Overpass,RectCol-Spiral,4,48,48,18.2,0.034500,2.17,0.017700
353,0017417A,Overpass,RectCol,4,51,54,25.2,0.020400,4,0.006100
354,0017726B,Ramp,RectCol,1,48,72,22.1,0.021700,3,0.021100
355,0017726A,Overpass,RectCol-Spiral,5,45,45,24.3,0.023500,4,0.011700
356,0017726G,Ramp,RectCol-Spiral,1,48,72,20.8,0.018800,5,0.003500
357,0007596A,Ramp,CircCol,5,36,36,21.9,0.010800,12,0.001100
358,0007596B,Ramp,CircCol,4,36,36,16.2,0.010800,12,0.001100
359,0017726C,Ramp,Single Span,Single Span,Single Span,Single Span,Single Span,Single Span,Single Span,Single Span
360,0017726D,Ramp,CircCol,1,60,60,22.4,0.011000,3,0.010100
361,0017726E,Ramp,CircCol,1,60,60,20.3,0.011000,4,0.017300
362,0017726F,Ramp,CircCol,1,60,60,28.2,0.024300,3,0.010100
363,0007596C,Underpass,CircCol,3,36,36,16.9,0.010800,12,0.001100
364,0014039B,Ramp,CircCol,2,36,36,21,0.011800,3,0.014600
365,0007596F,Ramp,CircCol,1,48,48,20.6,0.015500,12,0.001400
366,0007596D,Underpass,CircCol,4,36,36,16.8,0.030700,12,0.001100
367,0007596E,Underpass,CircCol,4,26,26,23.5,0.029400,12,0.001500
368,0014039A,Ramp,OblongCol,1,42,72,23.5,0.008320,4,OblongCol
369,0007596G,Ramp,CircCol,1,48,48,21.3,Missing,Missing,Missing
370,0004609A,Underpass,RectCol,4,38,38,20.1,0.025900,12,0.001900
371,0007742A,Underpass,CircCol,5,36,36,24.7,0.010800,12,0.002000
372,0004609B,Underpass,RectCol,7,42,42,24.6,0.021200,12,0.000900
373,0007839A,Ramp,CircCol,4,36,36,12,0.030700,12,0.002000
374,0010918A,Overpass,CircCol,1,18,18,10.1,0.015600,3,0.016700
375,0008674A,Overpass,CircCol,1,60,60,23.2,0.018400,12,0.001100
376,0011604A,Overpass,RectCol,1,24,48,16.7,0.029800,12,0.004900
377,0008674C,Overpass,Single Span,Single Span,Single Span,Single Span,Single Span,Single Span,Single Span,Single Span
378,0008674E,Underpass,CircCol,3,36,36,17.8,0.015000,12,0.002000
379,0008674D,Underpass,CircCol,Not in BEISt,36,36,19.4,0.011800,12,0.002000
380,0008674G,Underpass,CircCol,3,36,36,23.2,0.011800,12,0.002000
381,0008674F,Underpass,CircCol,3,36,36,16.4,0.015000,12,0.002000
382,0016221A,Overpass,RectCol-Spiral,2,32,32,19.2,0.015700,4,0.033500
383,0017042A,Underpass,Single Span,Single Span,Single Span,Single Span,Single Span,Single Span,Single Span,Single Span
384,0017042B,Underpass,Single Span,Single Span,Single Span,Single Span,Single Span,Single Span,Single Span,Single Span
385,0004978A,Underpass,RectCol,2,39,39,31.2,0.012300,12,0.001000
386,0008615C,Underpass,CircCol,4,36,36,31.1,0.012400,12,0.002000
387,0008615D,Overpass,CircCol,1,60,60,21.5,0.028300,12,0.001100
388,0013716A,Ramp,Single Span,Single Span,Single Span,Single Span,Single Span,Single Span,Single Span,Single Span
389,0016932B,Overpass,Single Span,Single Span,Single Span,Single Span,Single Span,Single Span,Single Span,Single Span
390,0016932A,Overpass,Single Span,Single Span,Single Span,Single Span,Single Span,Single Span,Single Span,Single Span
391,0008615E,Underpass,CircCol,4,36,36,17,0.010800,12,0.001100
392,0008615F,Underpass,CircCol,5,36,36,20.9,0.010800,12,0.001100
393,0008569A,Overpass,Tapered Col,2,Tapered Col,72,22.9,Tapered Col,12,Tapered Col
394,0018204A,Ramp,RectCol-Spiral,3,63,63,21,0.009400,3,0.009600
395,Not in BEISt,Not in BEISt,CircCol,Not in BEISt,60,60,Not in BEISt,Not in BEISt,Not in BEISt,Not in BEISt
396,0008382C,Ramp,CircCol,2,60,60,9,0.010500,12,0.001100
397,0008382D,Ramp,CircCol,2,72,72,21.6,0.009400,12,0.001000
398,0008382E,Ramp,CircCol,1,60,60,24.6,Missing,Missing,Missing
399,0017431A,Ramp,Single Span,Single Span,Single Span,Single Span,Single Span,Single Span,Single Span,Single Span
400,Not in BEISt,Not in BEISt,Not in BEISt,Not in BEISt,60,60,20.1,Not in BEISt,12,Not in BEISt
401,0008375B,Water,PC Piles,7,13,13,Extended Pile/Column,PC Piles,PC Piles,PC Piles
402,0015054A,Ramp,CircCol,16,Missing,Missing,Extended Pile/Column,Missing,3,Missing
403,0008286A,Overpass,CircCol,2,36,36,18.6,0.010810,12,0.001100
404,0008375C,Underpass,CircCol,4,36,36,29.9,0.010800,12,0.001100
405,0008375D,Underpass,CircCol,4,36,36,25.7,0.010800,12,0.001100
406,0017144A,Overpass,PC Piles,1,58,66,14,0.011540,3,PC Piles
407,0008417B,Underpass,CircCol,3,36,36,17,0.010800,12,0.001100
408,0008417A,Underpass,CircCol,3,36,36,18.4,0.010800,12,0.001100
409,0008417C,Underpass,CircCol,2,36,36,23.9,0.010800,12,0.001100
410,0008417D,Underpass,CircCol,2,36,36,17.9,0.010800,12,0.001100
411,0011598A,Underpass,CircCol,2,48,48,45.2,0.010300,12,0.001400
412,0011598B,Underpass,CircCol,2,48,48,50,0.010300,12,0.001400
413,0011855A,Overpass,Tapered Col,1,72,Tapered Col,13.6,Tapered Col,12,Tapered Col
414,0011855B,Ramp,CircCol,1,60,60,20.6,0.017700,4,0.003900
415,0011855C,Overpass,Tapered Col,1,72,Tapered Col,13.3,Tapered Col,12,Tapered Col
416,0006979G,Ramp,PC Piles,4,Missing,Missing,Extended Pile/Column,PC Piles,PC Piles,PC Piles
417,0001784A,Underpass,PC Piles,16,Tapered Col,Tapered Col,Extended Pile/Column,Tapered Col,8,PC Piles
418,0008682A,Water,PC Piles,10,13,13,Extended Pile/Column,0.012050,PC Piles,PC Piles
419,0018513A,Water,CircCol,1,72,72,11.7,0.027500,2,0.011200
420,0008903A,Water,PC Piles,1,48,144,31.3,0.037300,6,PC Piles
421,0009075A,Underpass,Wall,1,20,576,18,0.009610,12,Wall
422,0014126A,Underpass,Wall,1,19.5,432,17.7,0.014470,4,Wall
423,0009075B,Ramp,Wall,1,18,666,21.2,0.013350,12,Wall
424,0013042A,Ramp,Wall,1,18,456,19.8,0.012690,12,Wall
425,0009075C,Ramp,CircCol,2,48,48,25.7,0.030950,12,0.001400
426,0013042B,Ramp,CircCol,3,48,48,24.2,0.035370,12,0.001400
427,0009075D,Underpass,CircCol,3,60,60,26,0.011030,12,0.001100
428,0013042C,Underpass,CircCol,2,60,60,27.1,0.011030,3,0.004600
429,0009118A,Underpass,CircCol,3,36,36,20.8,0.012260,12,0.002000
430,0013042D,Underpass,CircCol,3,36,36,20.3,0.012260,3,0.007800
431,0016597D,Water,Single Span,Single Span,Single Span,Single Span,Single Span,Single Span,Single Span,Single Span
432,0016597C,Water,Single Span,Single Span,Single Span,Single Span,Single Span,Single Span,Single Span,Single Span
433,0016597A,Overpass,Tapered Col,5,60,Tapered Col,19.6,Tapered Col,3,Tapered Col
434,0016597B,Not Bridge,Not Bridge,Not Bridge,Not Bridge,Not Bridge,Not Bridge,Not Bridge,Not Bridge,Not Bridge
435,200427,Not Bridge,Not Bridge,Not Bridge,Not Bridge,Not Bridge,Not Bridge,Not Bridge,Not Bridge,Not Bridge
436,0010558A,Underpass,CircCol,3,36,36,16.7,0.009980,12,0.002000
437,0013042E,Underpass,CircCol,3,36,36,15.7,0.009980,12,0.002000
438,0018665B,Not Bridge,Not Bridge,Not Bridge,Not Bridge,Not Bridge,Not Bridge,Not Bridge,Not Bridge,Not Bridge
439,0010513A,Underpass,Tapered Col,2,36,Tapered Col,16.9,Tapered Col,6,Tapered Col
440,0010513B,Underpass,Tapered Col,2,36,Tapered Col,17,Tapered Col,12,Tapered Col
441,0010513C,Underpass,Tapered Col,4,36,Tapered Col,17.5,Tapered Col,12,Tapered Col
442,0009236A,Overpass,CircCol,2,72,72,21.1,0.039300,12,0.001000
443,0009236D,Ramp,CircCol,1,60,60,22.6,0.012700,12,0.001100
444,0009236B,Underpass,CircCol,3,36,36,19.9,0.030650,12,0.002000
445,0018665A,Underpass,CircCol,1,60,60,19.9,0.010800,4,0.013600
446,0009236E,Ramp,CircCol,1,60,60,20.5,0.022300,6,0.002300
447,0009236C,Underpass,CircCol,3,36,36,16.2,0.030650,12,0.002000
448,0009236F,Ramp,CircCol,2,36,36,20.1,0.062880,6,0.003900
449,0008853A,Overpass,CircCol,3,48,48,20,0.031080,12,0.001400
450,0008853B,Overpass,PC Piles,3,48,48,24.7,0.015520,12,PC Piles
451,0008853C,Overpass,PC Piles,3,48,48,22.4,0.010350,12,PC Piles
452,200452,Not Bridge,Not Bridge,Not Bridge,Not Bridge,Not Bridge,Not Bridge,Not Bridge,Not Bridge,Not Bridge
453,0008441A,Overpass,Tapered Col,6,Tapered Col,Tapered Col,15.7,Tapered Col,12,Tapered Col
454,0008114A,Water,CircCol,3,48,48,28.4,0.010300,12,0.001400
455,0008114B,Water,CircCol,3,48,48,28.5,0.010300,12,0.001400
456,0008114C,Underpass,CircCol,2,36,36,15.6,0.010800,12,0.001100
457,0008114D,Underpass,CircCol,2,36,36,16.2,0.010800,12,0.001100
458,0008114E,Underpass,CircCol,4,36,36,22.2,0.010800,12,0.001100
459,0008114F,Underpass,CircCol,3,36,36,22.2,0.010800,12,0.001100
460,0008114G,Underpass,CircCol,3,36,36,23.6,0.010800,12,0.001100
461,0008114H,Underpass,CircCol,3,36,36,26.3,0.010800,12,0.003000
462,0008175A,Underpass,CircCol,3,36,36,Missing,Missing,Missing,Missing
463,0008175B,Underpass,CircCol,3,36,36,39.1,0.021500,12,0.002000
464,0008175C,Underpass,CircCol,2,36,36,15.1,0.010810,12,0.001100
465,0008175D,Underpass,CircCol,3,36,36,16.7,0.010810,12,0.001100
466,0008175E,Underpass,CircCol,4,36,36,29.5,0.021460,12,0.002000
467,0008175F,Underpass,CircCol,4,36,36,28.5,0.021460,12,0.002000
468,0008114I,Underpass,CircCol,4,36,36,16.6,0.011800,12,0.001100
469,0008114J,Underpass,CircCol,4,36,36,16,0.011800,12,0.001100
470,000000QC,Overpass,CircCol,4,36,36,18.3,0.024500,12,0.002000
471,0013037C,Ramp,PC Piles,6,14,14,37.3,0.038980,6,PC Piles
472,0013037A,Ramp,CIP Piles,6,12,12,CIP Piles,CIP Piles,CIP Piles,CIP Piles
473,0013037B,Ramp,CIP Piles,7,14,14,CIP Piles,CIP Piles,CIP Piles,CIP Piles
474,0007085A,Overpass,CircCol,3,Missing,Missing,Missing,Missing,Missing,Missing
475,0016530A,Not Bridge,Not Bridge,Not Bridge,Not Bridge,Not Bridge,Not Bridge,Not Bridge,Not Bridge,Not Bridge
476,0018811C,Underpass,RectCol-Spiral,2,60,60,23.9,0.022100,6,0.006900
477,200421,Overpass,Wall,1,Missing,Missing,Wall,Wall,Wall,Wall
478,0005655A,Overpass,CircCol,4,36,36,17.8,0.039800,12,0.002000
479,0005985A,Overpass,Wall,1,19,205,20.9,0.007710,Wall,Wall
480,000000PB,Overpass,Wall,1,19,205,Missing,Wall,Wall,Wall
481,0007024B,Overpass,CircCol,1,48,48,18.6,0.026100,12,0.001400
482,0007024C,Underpass,Single Span,Single Span,Single Span,Single Span,Single Span,Single Span,Single Span,Single Span
483,0007769B,Underpass,PC Piles,5,18,18,Extended Pile/Column,PC Piles,PC Piles,PC Piles
484,0007769A,Underpass,PC Piles,5,18,18,Extended Pile/Column,0.011000,PC Piles,PC Piles
485,0007769C,Overpass,CircCol,1,36,36,23.9,0.023000,12,0.002000
486,0007769D,Overpass,Wall,1,70,302,Missing,Wall,Wall,Wall
487,0007769E,Overpass,CircCol,2,48,48,22.1,0.006100,12,0.000800
488,0008437B,Underpass,CircCol,2,36,36,21.8,0.010900,12,0.001100
489,0008437A,Underpass,CircCol,2,36,36,21.8,0.010900,12,0.001100
490,0008437C,Overpass,CircCol,1,60,60,14.5,0.019900,12,0.001100
491,0008437D,Overpass,CircCol,4,36,36,20.1,0.010800,12,0.001100
492,0008673B,Underpass,CircCol,3,36,36,23.6,0.010000,12,0.002000
493,0008673A,Underpass,CircCol,3,36,36,23.7,0.010000,12,0.002000
494,0008673D,Underpass,CircCol,3,36,36,21.7,0.010000,12,0.002000
495,0008673C,Underpass,CircCol,3,36,36,19.8,0.010000,12,0.002000
496,0008673E,Overpass,CircCol,4,36,36,16.7,0.010000,12,0.002000
497,0014544A,Ramp,Single Span,Single Span,Single Span,Single Span,Single Span,Single Span,Single Span,Single Span
498,0009010B,Underpass,CircCol,2,48,48,29.4,0.049700,12,0.002900
499,0009619A,Underpass,CircCol,2,48,48,20.4,0.041400,6,0.002900
500,0009010C,Underpass,CircCol,2,48,48,26,0.029800,12,0.001400
501,0009619B,Underpass,CircCol,2,48,48,19.6,0.034800,6,0.002900
502,0009010D,Overpass,CircCol,4,36,36,18.9,0.026050,12,0.002000
503,0009004A,Water,PC Piles,1,48,180,16.7,0.053450,12,PC Piles
504,0009685A,Water,OblongCol,1,48,240,17.3,0.010190,12,OblongCol
505,0009075E,Overpass,CircCol,2,36,36,18,0.009980,12,0.002000
506,0009831A,Overpass,CircCol,2,48,48,24.3,0.010350,12,0.001400
507,0013183A,Overpass,PC Piles,1,48,120,22.4,0.034480,12,PC Piles
508,0008305A,Overpass,CircCol,2,72,72,12.5,0.010800,6,0.001900
509,0008190B,Ramp,CircCol,1,54,54,19.6,0.027900,12,0.001300
510,0008190C,Ramp,CircCol,2,36,36,18.3,0.020000,12,0.002000
511,0008190E,Ramp,CircCol,1,60,60,22.5,0.011900,12,0.001100
512,0002577A,Underpass,PC Piles,6,36,20,PC Piles,PC Piles,PC Piles,PC Piles
513,0008190A,Underpass,CircCol,5,36,36,30.1,0.019960,12,0.002000
514,0008190D,Ramp,CircCol,2,36,36,24.8,0.019960,12,0.002000
515,0009893A,Overpass,RectCol,1,48,120,10.4,0.025000,6,0.004000
516,0016879A,Ramp,RectCol-Spiral,2,42,42,34.9,0.010300,6,0.005200
517,0016879B,Ramp,RectCol-Spiral,2,42,42,Missing,0.010300,6,0.005200
518,0009134B,Overpass,Tapered Col,1,54,Tapered Col,18.5,Tapered Col,12,Tapered Col
519,0009266A,Ramp,HexCol,1,48,96,6.4,0.042800,6,0.008700
520,0009446B,Overpass,Tapered Col,1,Tapered Col,Tapered Col,12.7,Tapered Col,Varies,Tapered Col
521,0009446A,Overpass,Tapered Col,1,Tapered Col,Tapered Col,Missing,Tapered Col,Tapered Col,Tapered Col
522,0009266B,Ramp,HexCol,1,48,96,3.7,0.021900,6,0.008700
523,0009134A,Overpass,Tapered Col,1,54,Tapered Col,19.5,Tapered Col,12,Tapered Col
524,0009557A,Not Bridge,Not Bridge,Not Bridge,Not Bridge,Not Bridge,Not Bridge,Not Bridge,Not Bridge,Not Bridge
525,0009446C,Overpass,Tapered Col,1,44,Tapered Col,12.4,Tapered Col,6,Tapered Col
526,0009133C,Ramp,Tapered Col,2,42,Tapered Col,17.9,Tapered Col,6,Tapered Col
527,0009133B,Overpass,Tapered Col,4,42,Tapered Col,17.2,Tapered Col,6,Tapered Col
528,0009133A,Overpass,Tapered Col,4,42,Tapered Col,20.1,Tapered Col,6,Tapered Col
529,0016658A,Water,Single Span,Single Span,Single Span,Single Span,Single Span,Single Span,Single Span,Single Span
530,0016658B,Water,Single Span,Single Span,Single Span,Single Span,Single Span,Single Span,Single Span,Single Span
531,200417,Overpass,RectCol,1,48,48,17.8,0.029500,6,0.013900
532,0008573B,Water,PC Piles,14,16,16,Extended Pile/Column,PC Piles,PC Piles,PC Piles
533,0008573A,Water,PC Piles,12,16,16,Extended Pile/Column,PC Piles,PC Piles,PC Piles
534,0008573D,Underpass,CircCol,3,48,48,26.2,0.015500,12,0.001400
535,0008573C,Underpass,CircCol,4,48,48,13.1,0.020700,12,0.001400
536,0008573G,Ramp,OblongCol,1,48,72,24.9,0.016210,12,OblongCol
537,0019040B,Water,Single Span,Single Span,Single Span,Single Span,Single Span,Single Span,Single Span,Single Span
538,0016010A,Ramp,OblongCol,1,60,150,20.5,0.012520,4,OblongCol
539,0008573F,Underpass,CircCol,4,36,36,15.8,0.021500,12,0.001100
540,0008573E,Underpass,CircCol,3,36,36,13.2,0.021500,12,0.001100
541,0019040A,Not Bridge,Not Bridge,Not Bridge,Not Bridge,Not Bridge,Not Bridge,Not Bridge,Not Bridge,Not Bridge
542,0016010C,Overpass,CircCol,5,48,48,25.6,0.034500,3,0.012800
543,0016010B,Water,OblongCol,1,72,108,23.6,0.031120,4,OblongCol
544,0016010D,Ramp,OblongCol,1,66,98,36,0.025940,3,OblongCol
545,0009840B,Water,Single Span,Single Span,Single Span,Single Span,Single Span,Single Span,Single Span,Single Span
546,0009840A,Water,Single Span,Single Span,Single Span,Single Span,Single Span,Single Span,Single Span,Single Span
547,0009840F,Overpass,Tapered Col,1,Tapered Col,Tapered Col,24.9,Tapered Col,6,Tapered Col
548,0009840D,Water,Single Span,Single Span,Single Span,Single Span,Single Span,Single Span,Single Span,Single Span
549,0016010E,Not Bridge,Not Bridge,Not Bridge,Not Bridge,Not Bridge,Not Bridge,Not Bridge,Not Bridge,Not Bridge
550,0009840C,Water,Single Span,Single Span,Single Span,Single Span,Single Span,Single Span,Single Span,Single Span
551,0009840E,Ramp,Single Span,Single Span,Single Span,Single Span,Single Span,Single Span,Single Span,Single Span
552,0009973G,Water,CircCol,2,48,48,16.5,0.022400,6,0.002900
553,0009973A,Water,Single Span,Single Span,Single Span,Single Span,Single Span,Single Span,Single Span,Single Span
554,0009973C,Water,CircCol,2,48,48,10,0.023300,6,0.002900
555,0009973D,Water,Single Span,Single Span,Single Span,Single Span,Single Span,Single Span,Single Span,Single Span
556,0009973F,Water,Single Span,Single Span,Single Span,Single Span,Single Span,Single Span,Single Span,Single Span
557,0009973E,Water,Single Span,Single Span,Single Span,Single Span,Single Span,Single Span,Single Span,Single Span
558,0009733B,Underpass,Single Span,Single Span,Single Span,Single Span,Single Span,Single Span,Single Span,Single Span
559,0009733A,Underpass,Single Span,Single Span,Single Span,Single Span,Single Span,Single Span,Single Span,Single Span
560,0004040F,Water,PC Piles,14,13,13,Extended Pile/Column,PC Piles,PC Piles,PC Piles
561,0009820A,Water,Single Span,Single Span,Single Span,Single Span,Single Span,Single Span,Single Span,Single Span
562,0009820B,Overpass,HexCol,1,24,Tapered Col,23,Tapered Col,6,Tapered Col
563,0009823B,Water,Wall,1,60,Tapered Wall,Tapered Wall,Tapered Wall,Tapered Wall,Tapered Wall
564,0009823A,Water,Wall,1,60,Tapered Wall,Tapered Wall,Tapered Wall,Tapered Wall,Tapered Wall
565,0006966B,Underpass,CircCol,6,36,36,Missing,Missing,Missing,Missing
566,0009732A,Underpass,CircCol,4,36,36,16.9,0.021500,6,0.003900
567,0009900B,Overpass,CircCol,4,36,36,18.4,0.016700,6,0.003900
568,0009900A,Overpass,CircCol,3,36,36,15,0.016700,6,0.003900
569,0009900D,Underpass,Single Span,Single Span,Single Span,Single Span,Single Span,Single Span,Single Span,Single Span
570,0009900C,Underpass,Single Span,Single Span,Single Span,Single Span,Single Span,Single Span,Single Span,Single Span
571,0009900F,Not Bridge,Not Bridge,Not Bridge,Not Bridge,Not Bridge,Not Bridge,Not Bridge,Not Bridge,Not Bridge
572,0009900E,Not Bridge,Not Bridge,Not Bridge,Not Bridge,Not Bridge,Not Bridge,Not Bridge,Not Bridge,Not Bridge
573,0010124D,Underpass,Tapered Col,2,Tapered Col,Tapered Col,21.9,Tapered Col,6,Tapered Col
574,0010124C,Underpass,Tapered Col,2,Tapered Col,Tapered Col,24.1,Tapered Col,6,Tapered Col
575,0009814B,Water,OblongCol,1,72,144,14.9,0.026790,6,OblongCol
576,0009814A,Water,OblongCol,1,72,144,14.9,0.026790,6,OblongCol
577,0010124B,Underpass,CircCol,3,36,36,19.7,0.013800,6,0.003900
578,0010124A,Underpass,CircCol,3,36,36,19.1,0.013800,6,0.003900
579,0009810C,Overpass,Tapered Col,1,Tapered Col,Tapered Col,18.6,Tapered Col,6,Tapered Col
580,0009810B,Underpass,CircCol,4,36,36,32.3,0.021500,6,0.003900
581,0009810A,Underpass,CircCol,4,36,36,32.7,0.021500,6,0.003900
582,0008914B,Underpass,CircCol,3,36,36,15,0.030700,12,0.002000
583,0008914A,Underpass,CircCol,3,36,36,15.5,0.030700,12,0.002000
584,0008914D,Water,CircCol,2,36,36,36.3,0.024500,12,0.002000
585,0008914C,Water,CircCol,1,36,36,12.9,0.015300,12,0.002000
586,0009576C,Water,Tapered Col,1,48,Tapered Col,31.5,Tapered Col,6,Tapered Col
587,0009576B,Water,Tapered Col,1,48,Tapered Col,24.4,Tapered Col,6,Tapered Col
588,0009576A,Water,Tapered Col,1,48,Tapered Col,26,Tapered Col,6,Tapered Col
589,0009498D,Underpass,Single Span,Single Span,Single Span,Single Span,Single Span,Single Span,Single Span,Single Span
590,0009498C,Underpass,Single Span,Single Span,Single Span,Single Span,Single Span,Single Span,Single Span,Single Span
591,0009996A,Water,Single Span,Single Span,Single Span,Single Span,Single Span,Single Span,Single Span,Single Span
592,0009498E,Water,Single Span,Single Span,Single Span,Single Span,Single Span,Single Span,Single Span,Single Span
593,0009217A,Overpass,HexCol,1,36,96,23.5,0.010100,12,0.003900
594,0009217D,Underpass,Single Span,Single Span,Single Span,Single Span,Single Span,Single Span,Single Span,Single Span
595,0009217C,Underpass,Single Span,Single Span,Single Span,Single Span,Single Span,Single Span,Single Span,Single Span
596,200022,Not Bridge,Not Bridge,Not Bridge,Not Bridge,Not Bridge,Not Bridge,Not Bridge,Not Bridge,Not Bridge
597,200104,Not Bridge,Not Bridge,Not Bridge,Not Bridge,Not Bridge,Not Bridge,Not Bridge,Not Bridge,Not Bridge
598,200021,Not Bridge,Not Bridge,Not Bridge,Not Bridge,Not Bridge,Not Bridge,Not Bridge,Not Bridge,Not Bridge
599,200105,Not Bridge,Not Bridge,Not Bridge,Not Bridge,Not Bridge,Not Bridge,Not Bridge,Not Bridge,Not Bridge
600,0009092A,Overpass,Tapered Col,1,36,Tapered Col,27.3,Tapered Col,12,Tapered Col
601,0009092C,Water,Tapered Col,2,36,Tapered Col,20.5,Tapered Col,12,Tapered Col
602,0009092D,Underpass,Tapered Col,1,36,Tapered Col,23.9,Tapered Col,12,Tapered Col
603,200017,Not Bridge,Not Bridge,Not Bridge,Not Bridge,Not Bridge,Not Bridge,Not Bridge,Not Bridge,Not Bridge
604,8614100,Not Bridge,Not Bridge,Not Bridge,Not Bridge,Not Bridge,Not Bridge,Not Bridge,Not Bridge,Not Bridge
605,8614400,Not Bridge,Not Bridge,Not Bridge,Not Bridge,Not Bridge,Not Bridge,Not Bridge,Not Bridge,Not Bridge
606,0010200A,Water,RectCol,1,120,192,35.1,0.005600,12,0.001000
607,0008844A,Water,Tapered Col,1,72,Tapered Col,62.9,Tapered Col,12,Tapered Col
608,0008916A,Water,CircCol,4,48,48,24,0.020700,12,0.001400
609,0008447A,Ramp,CircCol,6,36,36,14.8,0.010800,12,0.001100
610,0008312A,Water,CircCol,3,36,36,24.1,0.010800,12,0.001100
611,0015254A,Water,CircCol,3,42,42,8.5,0.020200,3,0.010300
612,0013468A,Water,Wall,1,20,927.25,22,0.004080,4,Wall
613,0015345E,Underpass,Single Span,Single Span,Single Span,Single Span,Single Span,Single Span,Single Span,Single Span
614,200379,Water,CircCol,3,36,36,4.6,0.010000,4,Missing
615,0013639A,Water,CircCol,3,48,48,Extended Pile/Column,0.010300,3,0.011300
616,0012218A,Water,Single Span,Single Span,Single Span,Single Span,Single Span,Single Span,Single Span,Single Span
617,0000734A,Water,Single Span,Single Span,Single Span,Single Span,Single Span,Single Span,Single Span,Single Span
618,0012918A,Water,Timber piles,7,Timber piles,Timber piles,Extended Pile/Column,Timber piles,Timber piles,Timber piles
619,0003764A,Water,PC Piles,7,13,13,Extended Pile/Column,PC Piles,PC Piles,PC Piles
620,0000948A,Water,Tapered Col,1,Tapered Col,Tapered Col,14,Tapered Col,18,Tapered Col
621,0012672A,Water,PC Piles,11,14,14,Extended Pile/Column,0.031180,4,PC Piles
622,0001604A,Water,Single Span,Single Span,Single Span,Single Span,Single Span,Single Span,Single Span,Single Span
623,0008742A,Water,PC Piles,6,13,13,Extended Pile/Column,PC Piles,PC Piles,PC Piles
624,0013743A,Water,CircCol,5,24,24,10.8,0.014000,3,0.012100
625,0009361B,Water,CircCol,3,48,48,32.3,0.020690,6,0.002900
626,0009361C,Underpass,CircCol,3,36,36,19.7,0.022990,6,0.003900
627,0009361D,Water,CircCol,2,36,36,16.1,0.024500,6,0.003900
628,0009121B,Underpass,Single Span,Single Span,Single Span,Single Span,Single Span,Single Span,Single Span,Single Span
629,0012707A,Underpass,Single Span,Single Span,Single Span,Single Span,Single Span,Single Span,Single Span,Single Span
630,0017504A,Ramp,CircCol,1,60,60,4.1,0.018900,6,0.005100
631,0006383A,Water,PC Piles,9,13,13,8.3,PC Piles,PC Piles,PC Piles
632,0018292A,Water,CircCol,2,60,60,16.8,0.010600,5,0.013800
633,0009868A,Water,PC Piles,5,12,12,Extended Pile/Column,PC Piles,PC Piles,PC Piles
634,0009868B,Water,PC Piles,5,12,12,Extended Pile/Column,PC Piles,PC Piles,PC Piles
635,0009868C,Water,PC Piles,5,12,12,Extended Pile/Column,PC Piles,PC Piles,PC Piles
636,0005728B,Water,PC Piles,11,13,13,0.7,PC Piles,PC Piles,PC Piles
637,0005677B,Water,PC Piles,11,13,13,Extended Pile/Column,PC Piles,PC Piles,PC Piles
638,0009749A,Underpass,Tapered Col,1,Tapered Col,Tapered Col,21.5,Tapered Col,Missing,Missing
639,0014272C,Underpass,Single Span,Single Span,Single Span,Single Span,Single Span,Single Span,Single Span,Single Span
640,0014272A,Water,RectCol-Spiral,2,60,60,16.7,0.029400,3,0.010100
641,0013384B,Ramp,Tapered Col,1,Tapered Col,Tapered Col,25.3,Tapered Col,12,Tapered Col
642,0011758A,Water,CircCol,11,16,16,Extended Pile/Column,0.050500,4,0.016300
643,0007868A,Water,CircCol,3,48,48,11.9,0.010300,12,0.001400
644,0013872A,Water,CircCol,3,60,60,Missing,0.028300,4,0.008100
645,0001331A,Water,Tapered Col,4,Tapered Col,Tapered Col,15.2,Tapered Col,12,Tapered Col
646,0001331B,Water,Tapered Col,4,Tapered Col,Tapered Col,15.3,Tapered Col,12,Tapered Col
647,0011396A,Water,PC Piles,9,Missing,Missing,Extended Pile/Column,PC Piles,PC Piles,PC Piles
648,0005101A,Water,Tapered Col,4,Tapered Col,Tapered Col,18.4,Tapered Col,12,Tapered Col
649,0012967A,Water,OblongCol,1,48,72,21.2,0.001890,12,OblongCol
650,0003581A,Water,PC Piles,11,16,16,15.5,0.023870,PC Piles,PC Piles
651,0012643B,Ramp,RectCol,1,30,96,14.1,0.016800,12,0.006800
652,0001084A,Water,Single Span,Single Span,Single Span,Single Span,Single Span,Single Span,Single Span,Single Span
653,0005808A,Water,Wall,1,18,324,16.9,0.004330,15,Wall
654,0005534A,Water,PC Piles,11,13,13,Extended Pile/Column,PC Piles,PC Piles,PC Piles
655,0012674A,Water,PC Piles,6,Missing,Missing,Extended Pile/Column,PC Piles,PC Piles,PC Piles
656,0013515A,Water,CircCol,8,14,14,15.1,0.014100,4,0.009200
657,0003595A,Water,RectCol,2,31,20,21.7,0.010200,12,0.001700
658,0003217A,Water,RectCol,5,24,20,21.2,0.006600,12,0.001900
659,0003765A,Water,RectCol,4,36,20,26.5,0.008800,12,0.001600
660,0012926A,Water,CIP Piles,1,12,12,9.9,Missing,Missing,Missing
661,0016613A,Water,CircCol,2,36,36,17.6,0.029900,4,0.009100
662,0006421A,Water,OblongCol,1,24,96,21.8,0.006420,12,OblongCol
663,0004740A,Water,Wall,1,30,416.5,9.1,0.006490,12,Wall
664,0005777A,Water,PC Piles,8,13,13,Extended Pile/Column,PC Piles,PC Piles,PC Piles
665,0003255D,Water,RectCol,4,36,20,21.8,0.013900,12,0.001600
666,0005777B,Water,Wall,1,15,228,12.4,0.003600,18,Wall
667,0013778A,Water,OblongCol,1,48,216,25.8,0.012010,12,OblongCol
668,0001389A,Water,Tapered Col,4,Tapered Col,Tapered Col,18.4,Tapered Col,12,Tapered Col
669,0015390A,Water,CircCol,1,60,60,11.5,0.017700,3,0.009700
670,0012641A,Water,PC Piles,3,54,54,5.3,0.013100,12,PC Piles
671,0002060A,Water,Single Span,Single Span,Single Span,Single Span,Single Span,Single Span,Single Span,Single Span
672,0015565A,Water,CircCol,7,20,20,8.7,0.062300,3,0.015100
673,000000NB,Water,Timber piles,5,Timber piles,Timber piles,Extended Pile/Column,Timber piles,Timber piles,Timber piles
674,0012600A,Water,OblongCol,1,36,180,26.1,0.015090,12,OblongCol
675,0003106A,Water,RectCol,4,24,20,18,0.012500,12,0.001900
676,0001406A,Water,RectCol,2,30,24,16.1,0.004900,12,0.000700
677,0004928B,Water,RectCol,4,24,20,5,Missing,Missing,Missing
678,0014001A,Water,CircCol,5,24,24,Missing,0.035400,3,0.012100
679,0012104A,Water,PC Piles,6,13.5,13.5,5,0.044150,6,PC Piles
680,0007406A,Underpass,CircCol,1,48,48,24.1,0.015500,12,0.001400
681,0007973B,Water,CircCol,1,84,84,35.3,0.030300,12,0.001300
682,0007952A,Water,CircCol,3,24,24,19,0.017200,Missing,Missing
683,0004087A,Water,PC Piles,8,13,13,4.1,PC Piles,PC Piles,PC Piles
684,0007772A,Underpass,CircCol,1,48,48,34,0.010300,12,0.001400
685,0007463A,Water,PC Piles,6,13,13,7.4,PC Piles,PC Piles,PC Piles
686,0005544A,Water,Timber piles,8,Timber piles,Timber piles,10.3,Timber piles,Timber piles,Timber piles
687,0005544B,Water,Timber piles,5,Timber piles,Timber piles,6.5,Timber piles,Timber piles,Timber piles
688,0005889A,Water,PC Piles,7,13,13,5.4,PC Piles,PC Piles,PC Piles
689,0005889B,Water,PC Piles,5,13,13,8.4,PC Piles,PC Piles,PC Piles
690,0009153A,Water,CircCol,2,46,46,27.2,0.009400,12,0.001500
691,0008172B,Water,CircCol,2,36,36,27.1,0.010900,12,0.001100
692,0007612A,Water,PC Piles,13,13,13,Extended Pile/Column,PC Piles,PC Piles,PC Piles
693,0007612C,Water,PC Piles,8,13,13,Extended Pile/Column,PC Piles,PC Piles,PC Piles
694,0007612E,Water,PC Piles,6,13,13,11.5,PC Piles,PC Piles,PC Piles
695,0012999A,Water,CircCol,8,14,14,Extended Pile/Column,Missing,Missing,Missing
696,0009415A,Water,CircCol,4,48,48,32.9,0.021600,6,0.002900
697,0009415B,Water,CircCol,3,48,48,34,0.021600,6,0.002900
698,0005237A,Underpass,CircCol,1,60,60,24.2,0.012140,12,0.001100
699,0016767D,Underpass,CircCol,3,54,54,22.5,0.015000,3,0.011300
700,0012245B,Underpass,CircCol,4,60,60,23.4,0.039700,4,0.003900
701,0016767E,Underpass,CircCol,3,54,54,22.8,0.023200,3,0.012500
702,0012245A,Underpass,CircCol,2,60,60,18.1,0.035300,4,0.003900
703,0018189A,Underpass,RectCol-Spiral,2,60,60,17,0.013200,4,0.008700
704,0018818B,Underpass,RectCol-Spiral,3,48,48,20.1,0.016100,4,0.013000
705,0018189E,Underpass,RectCol-Spiral,2,60,60,24.03,0.013200,4,0.007600
706,0017594I,Underpass,RectCol-Spiral,3,72,72,37.9,0.017100,3,0.008400
707,0018189C,Underpass,RectCol-Spiral,2,72,72,32,0.012600,3,0.008400
708,0007883A,Overpass,CircCol,1,48,48,13,0.017400,12,0.001400
709,0007883C,Underpass,CircCol,2,36,36,15.8,0.010800,12,0.001100
710,0008976B,Underpass,CircCol,2,36,36,23,0.010800,12,0.002000
711,0009269C,Underpass,CircCol,2,36,36,21.8,0.016200,12,0.002000
712,0010729A,Underpass,CircCol,2,36,36,15.2,0.016200,3,0.007800
713,0011375D,Ramp,CircCol,1,84,84,48,0.024400,3,0.010100
714,0003458A,Water,PC Piles,6,16,16,9.8,PC Piles,PC Piles,PC Piles
715,0017521A,Water,Single Span,Single Span,Single Span,Single Span,Single Span,Single Span,Single Span,Single Span
716,0019516B,Water,Single Span,Single Span,Single Span,Single Span,Single Span,Single Span,Single Span,Single Span
717,0002438A,Water,Timber piles,5,Timber piles,Timber piles,Extended Pile/Column,Timber piles,Timber piles,Timber piles
718,0013040A,Water,Wall,1,18,418,21.6,0.002870,12,Wall
719,0013040B,Water,Single Span,Single Span,Single Span,Single Span,Single Span,Single Span,Single Span,Single Span
720,0003251A,Water,H-Piles,6,H-piles,H-piles,Extended Pile/Column,H-piles,H-piles,H-piles
721,0018464A,Water,CircCol,2,96,96,4.7,0.024300,6,0.005600
722,0004552A,Water,Wall,1,36,312,22.2,0.005560,24,Wall
723,0002340A,Water,Single Span,Single Span,Single Span,Single Span,Single Span,Single Span,Single Span,Single Span
724,0002340B,Water,Single Span,Single Span,Single Span,Single Span,Single Span,Single Span,Single Span,Single Span
725,0005493A,Water,RectCol,2,27,27,21.5,0.013900,12,0.001500
726,0002340C,Water,Single Span,Single Span,Single Span,Single Span,Single Span,Single Span,Single Span,Single Span
727,0007013A,Water,H-Piles,9,H-piles,H-piles,Extended Pile/Column,H-piles,H-piles,H-piles
728,0003775A,Terrain,RectCol,4,30,36,24.2,0.011800,12,0.001200
729,0000607A,Terrain,Tapered Col,4,Tapered Col,Tapered Col,31.7,Tapered Col,12,Tapered Col
730,0001229A,Water,Single Span,Single Span,Single Span,Single Span,Single Span,Single Span,Single Span,Single Span
731,0016399A,Overpass,CircCol,2,48,48,18.2,0.015520,4,0.009600
732,0001679A,Terrain,RectCol,5,30,20,18,0.005100,12,0.000800
733,0001949A,Water,Wall,1,Tapered Wall,Tapered Wall,29.8,Tapered Wall,24,Tapered Wall
734,0013795A,Overpass,Tapered Col,2,Tapered Col,Tapered Col,21,Tapered Col,4,Tapered Col
735,0004386A,Water,Single Span,Single Span,Single Span,Single Span,Single Span,Single Span,Single Span,Single Span
736,0012643A,Ramp,RectCol,2,48,48,34.7,0.007800,12,0.003200
737,0011396B,Water,Single Span,Single Span,Single Span,Single Span,Single Span,Single Span,Single Span,Single Span
738,0008574A,Water,Single Span,Single Span,Single Span,Single Span,Single Span,Single Span,Single Span,Single Span
739,0011396C,Water,Single Span,Single Span,Single Span,Single Span,Single Span,Single Span,Single Span,Single Span
740,0005263B,Water,Timber piles,5,Timber piles,Timber piles,Extended Pile/Column,Timber piles,Timber piles,Timber piles
741,0012862A,Water,Single Span,Single Span,Single Span,Single Span,Single Span,Single Span,Single Span,Single Span
742,0017521B,Water,Single Span,Single Span,Single Span,Single Span,Single Span,Single Span,Single Span,Single Span
743,0003765B,Water,Single Span,Single Span,Single Span,Single Span,Single Span,Single Span,Single Span,Single Span
744,0002031C,Water,Timber piles,3,Timber piles,Timber piles,Extended Pile/Column,Timber piles,Timber piles,Timber piles
745,0005195A,Water,Composite Piles,11,Missing,Missing,14.3,Composite Piles,Composite Piles,Composite Piles
746,0005198A,Water,PC Piles,9,12,12,1,PC Piles,PC Piles,PC Piles
747,0001856A,Water,Timber piles,5,Timber piles,Timber piles,Extended Pile/Column,Timber piles,Timber piles,Timber piles
748,0001856B,Water,Timber piles,Missing,Timber piles,Timber piles,Extended Pile/Column,Timber piles,Timber piles,Timber piles
749,000000MB,Water,Timber piles,7,Timber piles,Timber piles,Extended Pile/Column,Timber piles,Timber piles,Timber piles
750,0018344A,Water,Single Span,Single Span,Single Span,Single Span,Single Span,Single Span,Single Span,Single Span
751,0002539B,Water,Timber piles,7,Timber piles,Timber piles,5.1,Timber piles,Timber piles,Timber piles
752,0002539D,Water,Timber piles,5,Timber piles,Timber piles,Extended Pile/Column,Timber piles,Timber piles,Timber piles
753,0007380A,Water,PC Piles,2,13,13,Extended Pile/Column,PC Piles,PC Piles,PC Piles
754,0004869A,Water,CircCol,2,48,48,30,0.017200,12,0.000800
755,0004106A,Water,Wall,1,Tapered Wall,Tapered Wall,55.3,Tapered Wall,24,Tapered Wall
756,0004564B,Water,Timber piles,5,Timber piles,Timber piles,4,Timber piles,Timber piles,Timber piles
757,0002984A,Water,Timber piles,7,Timber piles,Timber piles,3.5,Timber piles,Timber piles,Timber piles
758,0002984B,Water,Timber piles,7,Timber piles,Timber piles,2,Timber piles,Timber piles,Timber piles
759,0002984C,Water,Timber piles,7,Timber piles,Timber piles,1.5,Timber piles,Timber piles,Timber piles
760,0002621A,Water,Timber piles,5,Timber piles,Timber piles,Extended Pile/Column,Timber piles,Timber piles,Timber piles
761,0004564C,Water,Timber piles,7,Timber piles,Timber piles,7,Timber piles,Timber piles,Timber piles
762,0011779A,Water,PC Piles,6,Missing,Missing,8,PC Piles,PC Piles,PC Piles
763,0017984A,Water,Single Span,Single Span,Single Span,Single Span,Single Span,Single Span,Single Span,Single Span
764,0018345A,Water,CircCol,1,60,60,19.4,0.014400,4,0.021900
765,0018345B,Water,CircCol,1,72,72,25.8,0.011200,4,0.018100
766,0005827A,Water,Single Span,Single Span,Single Span,Single Span,Single Span,Single Span,Single Span,Single Span
767,0004381A,Water,Timber piles,Missing,Timber piles,Timber piles,5.7,Timber piles,Timber piles,Timber piles
768,0004381B,Water,Timber piles,Missing,Timber piles,Timber piles,2.4,Timber piles,Timber piles,Timber piles
769,0002214A,Water,Single Span,Single Span,Single Span,Single Span,Single Span,Single Span,Single Span,Single Span
770,0004874B,Water,Single Span,Single Span,Single Span,Single Span,Single Span,Single Span,Single Span,Single Span
771,0004078A,Water,Timber piles,6,Timber piles,Timber piles,6.4,Timber piles,Timber piles,Timber piles
772,0005054A,Water,Timber piles,8,Timber piles,Timber piles,Extended Pile/Column,Timber piles,Timber piles,Timber piles
773,0004103A,Water,Timber piles,Missing,Timber piles,Timber piles,3.8,Timber piles,Timber piles,Timber piles
774,0004376A,Water,Timber piles,5,Timber piles,Timber piles,Extended Pile/Column,Timber piles,Timber piles,Timber piles
775,0005054B,Water,Timber piles,8,Timber piles,Timber piles,Extended Pile/Column,Timber piles,Timber piles,Timber piles
776,000000NC,Water,Timber piles,8,Timber piles,Timber piles,Extended Pile/Column,Timber piles,Timber piles,Timber piles
777,0012712A,Water,CIP Piles,22,16,16,Extended Pile/Column,0.056800,3,CIP Piles
778,0005197A,Water,Timber piles,7,Timber piles,Timber piles,Extended Pile/Column,Timber piles,Timber piles,Timber piles
779,0005197B,Water,Timber piles,7,Timber piles,Timber piles,Extended Pile/Column,Timber piles,Timber piles,Timber piles
780,0004874A,Water,Timber piles,8,Timber piles,Timber piles,Extended Pile/Column,Timber piles,Timber piles,Timber piles
781,0002311A,Water,Tapered Col,1,Tapered Col,Tapered Col,25,Tapered Col,18,Tapered Col
782,000000LM,Water,Tapered Col,1,Tapered Col,Tapered Col,Missing,Tapered Col,Tapered Col,Tapered Col
783,0008172A,Water,CircCol,2,36,36,29.7,0.010900,12,0.001100
784,0008374B,Water,CircCol,2,36,36,11.5,0.010800,12,0.001100
785,0008374A,Water,CircCol,2,36,36,13.4,0.010800,12,0.001100
786,0007612B,Water,PC Piles,13,13,13,Extended Pile/Column,PC Piles,PC Piles,PC Piles
787,0007612D,Water,PC Piles,8,13,13,Extended Pile/Column,PC Piles,PC Piles,PC Piles
788,0007612F,Water,PC Piles,6,13,13,Extended Pile/Column,PC Piles,PC Piles,PC Piles
789,0001764B,Water,Single Span,Single Span,Single Span,Single Span,Single Span,Single Span,Single Span,Single Span
790,0007612H,Water,Single Span,Single Span,Single Span,Single Span,Single Span,Single Span,Single Span,Single Span
791,0007612G,Water,Single Span,Single Span,Single Span,Single Span,Single Span,Single Span,Single Span,Single Span
792,0007786B,Water,PC Piles,8,13,13,Extended Pile/Column,PC Piles,PC Piles,PC Piles
793,0007786A,Water,PC Piles,8,13,13,Extended Pile/Column,PC Piles,PC Piles,PC Piles
794,0009337A,Overpass,Tapered Col,1,Tapered Col,Tapered Col,22.7,Tapered Col,6,Tapered Col
795,0007327B,Terrain,CircCol,3,Missing,Missing,Missing,Missing,Missing,Missing
796,0007327A,Terrain,CircCol,3,Missing,Missing,Missing,Missing,Missing,Missing
797,0007106B,Underpass,CircCol,3,Missing,Missing,Missing,Missing,Missing,Missing
798,0007106A,Underpass,CircCol,3,Missing,Missing,Missing,Missing,Missing,Missing
799,0002236A,Water,RectCol,4,42,22,20.3,0.008700,12,0.000600
800,0002236B,Water,RectCol,4,36,20,25.2,0.011000,12,0.000700
801,0002236C,Water,RectCol,4,36,20,27.4,0.011000,12,0.000700
802,0002236D,Water,RectCol,4,36,20,22.6,0.008800,12,0.000700
803,0001576A,Water,RectCol,4,30,20,14,0.006000,12,0.000800
804,0001576B,Terrain,RectCol,4,36,20,33.3,0.005000,12,0.000700
805,0001576C,Water,Single Span,Single Span,Single Span,Single Span,Single Span,Single Span,Single Span,Single Span
806,0004271A,Water,RectCol,4,36,22,21.4,0.023640,12,0.001500
807,0007360A,Water,PC Piles,5,18,18,Extended Pile/Column,PC Piles,PC Piles,PC Piles
808,0007360B,Water,PC Piles,5,16,16,Extended Pile/Column,PC Piles,PC Piles,PC Piles
809,0005871A,Water,PC Piles,8,13,13,Extended Pile/Column,PC Piles,PC Piles,PC Piles
810,0005871B,Water,PC Piles,7,13,13,5.5,PC Piles,PC Piles,PC Piles
811,0006705D,Water,PC Piles,10,13,13,12.9,PC Piles,PC Piles,PC Piles
812,0006705C,Water,PC Piles,10,13,13,9.6,PC Piles,PC Piles,PC Piles
813,0018976A,Water,Single Span,Single Span,Single Span,Single Span,Single Span,Single Span,Single Span,Single Span
814,0018976B,Water,Single Span,Single Span,Single Span,Single Span,Single Span,Single Span,Single Span,Single Span
815,0018976C,Water,Single Span,Single Span,Single Span,Single Span,Single Span,Single Span,Single Span,Single Span
816,0018976D,Water,Single Span,Single Span,Single Span,Single Span,Single Span,Single Span,Single Span,Single Span
817,0006705B,Water,CircCol,3,Missing,Missing,Missing,Missing,Missing,Missing
818,0006705A,Water,CircCol,3,Missing,Missing,Missing,Missing,Missing,Missing
819,0014776F,Underpass,RectCol-Spiral,3,72,Tapered Col,24.01,Tapered Col,3,Tapered Col
820,0008834A,Overpass,RectCol,5,29,29,20,0.022300,12,0.002500
821,0005444A,Overpass,CircCol,2,60,60,63.3,0.009900,12,0.001100
822,0005433A,Underpass,CircCol,3,60,60,75.2,0.009900,12,0.000600
823,0005433B,Underpass,PC Piles,6,21,21,18.5,0.023100,12,PC Piles
824,0009058A,Underpass,CircCol,4,36,36,31.3,0.010800,12,0.002000
825,0004896A,Underpass,RectCol,2,36,36,38.4,0.011800,12,0.001100
826,0005082A,Underpass,CircCol,3,60,60,29.2,0.008800,12,0.001100
827,0006066A,Underpass,Single Span,Single Span,Single Span,Single Span,Single Span,Single Span,Single Span,Single Span
828,0005972A,Water,Single Span,Single Span,Single Span,Single Span,Single Span,Single Span,Single Span,Single Span
829,0016611D,Underpass,CircCol,2,48,48,23.9,0.014000,4,0.006700
830,0016611C,Underpass,CircCol,2,48,48,16.7,0.014000,4,0.006700
831,0006676A,Water,RectCol,3,60,36,18.8,#N/A,12,0.001600
832,200536,Overpass,RectCol,2,161,78,34.8,Unclear,Missing,Missing
833,0012242A,Water,CircCol,5,14,14,Missing,0.031180,3,0.022200
834,0003264A,Water,PC Piles,8,Missing,Missing,Missing,PC Piles,PC Piles,PC Piles
835,0002377A,Water,HexCol,1,120,504,51.5,Missing,18,Missing
836,0012618B,Water,CircCol,1,Missing,Missing,Missing,Missing,Missing,Missing
837,0012618A,Underpass,CircCol,2,48,48,28.23,0.007800,Missing,Missing
838,0014354B,Water,RectCol,2,42,57,46.6,0.014900,3.5,0.021700
839,0006066B,Water,Single Span,Single Span,Single Span,Single Span,Single Span,Single Span,Single Span,Single Span
840,0009289A,Underpass,Tapered Col,3,Tapered Col,Tapered Col,25.8,Tapered Col,6,Tapered Col
841,0016611B,Water,CircCol,2,60,60,47.3,0.018400,3.5,0.008700
842,0016611A,Underpass,CircCol,2,60,60,38.7,0.012700,3.5,0.008700
843,0014567C,Terrain,CircCol,2,48,48,8.1,0.017200,3.5,0.007700
844,0014567D,Water,Single Span,Single Span,Single Span,Single Span,Single Span,Single Span,Single Span,Single Span
845,0015927A,Terrain,Single Span,Single Span,Single Span,Single Span,Single Span,Single Span,Single Span,Single Span
846,0012555A,Underpass,Single Span,Single Span,Single Span,Single Span,Single Span,Single Span,Single Span,Single Span
847,0014354A,Underpass,CircCol,4,36,36,25.31,0.011800,3.5,0.006700
848,0006068B,Underpass,CircCol,5,36,36,28.4,Missing,Missing,Missing
849,0017936A,Underpass,RectCol-Spiral,1,48,72,18.41,0.019900,4,RectCol-Spiral
850,0017936B,Underpass,RectCol-Spiral,1,48,72,6.7,0.029000,4.5,RectCol-Spiral